{"cameraMode":{"drawMode":0,"name":"Shaded","section":"Shading Mode"},"sceneLighting":true,"audioPlay":false,"sceneViewState":{"showFog":true,"showMaterialUpdate":true,"showSkybox":true,"showFlares":true,"showImageEffects":true,"showParticleSystems":true},"in2DMode":false,"pivot":{"x":41.96725845336914,"y":-25.523677825927736,"z":-16.036205291748048},"rotation":{"x":0.12916666269302369,"y":0.8225576281547546,"z":-0.206803560256958,"w":0.5137580037117004},"size":63.56416320800781,"orthographic":false}