{"cameraMode":{"drawMode":0,"name":"Shaded","section":"Shading Mode"},"sceneLighting":true,"audioPlay":false,"sceneViewState":{"showFog":true,"showMaterialUpdate":true,"showSkybox":true,"showFlares":true,"showImageEffects":true,"showParticleSystems":true},"in2DMode":false,"pivot":{"x":0.045563697814941409,"y":-28.393287658691408,"z":-42.799808502197269},"rotation":{"x":0.03345908969640732,"y":0.9413331747055054,"z":-0.32117876410484316,"w":0.0980638936161995},"size":88.6319808959961,"orthographic":false}